index	module_path	report_path	lines	symbols
0001	src/mindroom/__init__.py	docs/duplication-audit/reports-src/0001-src__mindroom____init__.py-21170d95.md	12	0
0002	src/mindroom/agent_descriptions.py	docs/duplication-audit/reports-src/0002-src__mindroom__agent_descriptions.py-f523d9ed.md	55	1
0003	src/mindroom/agent_policy.py	docs/duplication-audit/reports-src/0003-src__mindroom__agent_policy.py-57a6d2cb.md	384	18
0004	src/mindroom/agent_prompts.py	docs/duplication-audit/reports-src/0004-src__mindroom__agent_prompts.py-81be4243.md	1007	1
0005	src/mindroom/agent_run_context.py	docs/duplication-audit/reports-src/0005-src__mindroom__agent_run_context.py-0289f780.md	36	2
0006	src/mindroom/agent_storage.py	docs/duplication-audit/reports-src/0006-src__mindroom__agent_storage.py-f89e5c3a.md	140	8
0007	src/mindroom/agents.py	docs/duplication-audit/reports-src/0007-src__mindroom__agents.py-571256bb.md	1329	43
0008	src/mindroom/ai.py	docs/duplication-audit/reports-src/0008-src__mindroom__ai.py-677c2e1b.md	1774	44
0009	src/mindroom/ai_run_metadata.py	docs/duplication-audit/reports-src/0009-src__mindroom__ai_run_metadata.py-c6cc4788.md	339	13
0010	src/mindroom/ai_runtime.py	docs/duplication-audit/reports-src/0010-src__mindroom__ai_runtime.py-0b3257d1.md	349	23
0011	src/mindroom/api/__init__.py	docs/duplication-audit/reports-src/0011-src__mindroom__api____init__.py-dc935e4d.md	1	0
0012	src/mindroom/api/auth.py	docs/duplication-audit/reports-src/0012-src__mindroom__api__auth.py-af2b7c19.md	644	35
0013	src/mindroom/api/config_lifecycle.py	docs/duplication-audit/reports-src/0013-src__mindroom__api__config_lifecycle.py-8f941d26.md	808	52
0014	src/mindroom/api/credentials.py	docs/duplication-audit/reports-src/0014-src__mindroom__api__credentials.py-06d7f03e.md	1191	73
0015	src/mindroom/api/frontend.py	docs/duplication-audit/reports-src/0015-src__mindroom__api__frontend.py-ae49461f.md	68	2
0016	src/mindroom/api/homeassistant_integration.py	docs/duplication-audit/reports-src/0016-src__mindroom__api__homeassistant_integration.py-f116d719.md	473	14
0017	src/mindroom/api/integrations.py	docs/duplication-audit/reports-src/0017-src__mindroom__api__integrations.py-d20e1516.md	242	19
0018	src/mindroom/api/knowledge.py	docs/duplication-audit/reports-src/0018-src__mindroom__api__knowledge.py-5cae03d6.md	745	39
0019	src/mindroom/api/main.py	docs/duplication-audit/reports-src/0019-src__mindroom__api__main.py-1948efac.md	826	52
0020	src/mindroom/api/matrix_operations.py	docs/duplication-audit/reports-src/0020-src__mindroom__api__matrix_operations.py-e6d707c8.md	244	11
0021	src/mindroom/api/oauth.py	docs/duplication-audit/reports-src/0021-src__mindroom__api__oauth.py-e6a36ac8.md	502	24
0022	src/mindroom/api/openai_compat.py	docs/duplication-audit/reports-src/0022-src__mindroom__api__openai_compat.py-649fa18a.md	1971	76
0023	src/mindroom/api/runtime_reload.py	docs/duplication-audit/reports-src/0023-src__mindroom__api__runtime_reload.py-8750c42a.md	100	2
0024	src/mindroom/api/sandbox_exec.py	docs/duplication-audit/reports-src/0024-src__mindroom__api__sandbox_exec.py-1fd6dd24.md	554	31
0025	src/mindroom/api/sandbox_protocol.py	docs/duplication-audit/reports-src/0025-src__mindroom__api__sandbox_protocol.py-0158341f.md	51	5
0026	src/mindroom/api/sandbox_runner.py	docs/duplication-audit/reports-src/0026-src__mindroom__api__sandbox_runner.py-caa31f41.md	1550	68
0027	src/mindroom/api/sandbox_runner_app.py	docs/duplication-audit/reports-src/0027-src__mindroom__api__sandbox_runner_app.py-25387452.md	45	2
0028	src/mindroom/api/sandbox_worker_prep.py	docs/duplication-audit/reports-src/0028-src__mindroom__api__sandbox_worker_prep.py-406b13c9.md	330	17
0029	src/mindroom/api/schedules.py	docs/duplication-audit/reports-src/0029-src__mindroom__api__schedules.py-0d3504bc.md	339	16
0030	src/mindroom/api/skills.py	docs/duplication-audit/reports-src/0030-src__mindroom__api__skills.py-f2ebc0e1.md	149	9
0031	src/mindroom/api/tools.py	docs/duplication-audit/reports-src/0031-src__mindroom__api__tools.py-6902046a.md	344	15
0032	src/mindroom/api/workers.py	docs/duplication-audit/reports-src/0032-src__mindroom__api__workers.py-53134282.md	117	7
0033	src/mindroom/approval_events.py	docs/duplication-audit/reports-src/0033-src__mindroom__approval_events.py-c9683fed.md	155	11
0034	src/mindroom/approval_inbound.py	docs/duplication-audit/reports-src/0034-src__mindroom__approval_inbound.py-7e73c8c0.md	137	4
0035	src/mindroom/approval_manager.py	docs/duplication-audit/reports-src/0035-src__mindroom__approval_manager.py-8d100c38.md	1271	81
0036	src/mindroom/approval_transport.py	docs/duplication-audit/reports-src/0036-src__mindroom__approval_transport.py-2ab24abf.md	418	23
0037	src/mindroom/attachment_media.py	docs/duplication-audit/reports-src/0037-src__mindroom__attachment_media.py-f7e0d4da.md	119	2
0038	src/mindroom/attachments.py	docs/duplication-audit/reports-src/0038-src__mindroom__attachments.py-ddeb29e0.md	873	41
0039	src/mindroom/authorization.py	docs/duplication-audit/reports-src/0039-src__mindroom__authorization.py-92f16fdf.md	304	11
0040	src/mindroom/avatar_generation.py	docs/duplication-audit/reports-src/0040-src__mindroom__avatar_generation.py-b27a789a.md	670	24
0041	src/mindroom/background_tasks.py	docs/duplication-audit/reports-src/0041-src__mindroom__background_tasks.py-950312fe.md	141	6
0042	src/mindroom/bot.py	docs/duplication-audit/reports-src/0042-src__mindroom__bot.py-2f121f44.md	1973	100
0043	src/mindroom/bot_room_lifecycle.py	docs/duplication-audit/reports-src/0043-src__mindroom__bot_room_lifecycle.py-3c80d629.md	223	17
0044	src/mindroom/bot_runtime_view.py	docs/duplication-audit/reports-src/0044-src__mindroom__bot_runtime_view.py-500030f7.md	89	12
0045	src/mindroom/cancellation.py	docs/duplication-audit/reports-src/0045-src__mindroom__cancellation.py-ba467517.md	50	4
0046	src/mindroom/cli/__init__.py	docs/duplication-audit/reports-src/0046-src__mindroom__cli____init__.py-66662ba6.md	5	0
0047	src/mindroom/cli/banner.py	docs/duplication-audit/reports-src/0047-src__mindroom__cli__banner.py-785b8faf.md	74	1
0048	src/mindroom/cli/config.py	docs/duplication-audit/reports-src/0048-src__mindroom__cli__config.py-1236ad66.md	1018	33
0049	src/mindroom/cli/connect.py	docs/duplication-audit/reports-src/0049-src__mindroom__cli__connect.py-b514a303.md	198	10
0050	src/mindroom/cli/doctor.py	docs/duplication-audit/reports-src/0050-src__mindroom__cli__doctor.py-3c35eaeb.md	626	21
0051	src/mindroom/cli/local_stack.py	docs/duplication-audit/reports-src/0051-src__mindroom__cli__local_stack.py-e492d3f7.md	342	15
0052	src/mindroom/cli/main.py	docs/duplication-audit/reports-src/0052-src__mindroom__cli__main.py-e9e07a89.md	421	12
0053	src/mindroom/cli/owner.py	docs/duplication-audit/reports-src/0053-src__mindroom__cli__owner.py-34e4717d.md	33	2
0054	src/mindroom/coalescing.py	docs/duplication-audit/reports-src/0054-src__mindroom__coalescing.py-5c70f963.md	764	46
0055	src/mindroom/coalescing_batch.py	docs/duplication-audit/reports-src/0055-src__mindroom__coalescing_batch.py-0019b8a1.md	207	14
0056	src/mindroom/codex_model.py	docs/duplication-audit/reports-src/0056-src__mindroom__codex_model.py-5aec0326.md	525	37
0057	src/mindroom/commands/__init__.py	docs/duplication-audit/reports-src/0057-src__mindroom__commands____init__.py-abf0c0c8.md	1	0
0058	src/mindroom/commands/config_commands.py	docs/duplication-audit/reports-src/0058-src__mindroom__commands__config_commands.py-81ed793d.md	345	8
0059	src/mindroom/commands/config_confirmation.py	docs/duplication-audit/reports-src/0059-src__mindroom__commands__config_confirmation.py-f79c827c.md	424	13
0060	src/mindroom/commands/handler.py	docs/duplication-audit/reports-src/0060-src__mindroom__commands__handler.py-1584b57f.md	372	10
0061	src/mindroom/commands/parsing.py	docs/duplication-audit/reports-src/0061-src__mindroom__commands__parsing.py-5354dc18.md	335	7
0062	src/mindroom/config/__init__.py	docs/duplication-audit/reports-src/0062-src__mindroom__config____init__.py-0105a0c4.md	1	0
0063	src/mindroom/config/agent.py	docs/duplication-audit/reports-src/0063-src__mindroom__config__agent.py-3179c86c.md	464	25
0064	src/mindroom/config/approval.py	docs/duplication-audit/reports-src/0064-src__mindroom__config__approval.py-6547baef.md	78	7
0065	src/mindroom/config/auth.py	docs/duplication-audit/reports-src/0065-src__mindroom__config__auth.py-b3d512c4.md	67	3
0066	src/mindroom/config/knowledge.py	docs/duplication-audit/reports-src/0066-src__mindroom__config__knowledge.py-a5eee088.md	98	4
0067	src/mindroom/config/main.py	docs/duplication-audit/reports-src/0067-src__mindroom__config__main.py-30341536.md	1787	100
0068	src/mindroom/config/matrix.py	docs/duplication-audit/reports-src/0068-src__mindroom__config__matrix.py-d7c1d366.md	284	17
0069	src/mindroom/config/memory.py	docs/duplication-audit/reports-src/0069-src__mindroom__config__memory.py-95d6dcb5.md	188	9
0070	src/mindroom/config/models.py	docs/duplication-audit/reports-src/0070-src__mindroom__config__models.py-96f716c2.md	510	29
0071	src/mindroom/config/plugin.py	docs/duplication-audit/reports-src/0071-src__mindroom__config__plugin.py-5bb318e7.md	34	3
0072	src/mindroom/config/voice.py	docs/duplication-audit/reports-src/0072-src__mindroom__config__voice.py-a7d10808.md	35	3
0073	src/mindroom/constants.py	docs/duplication-audit/reports-src/0073-src__mindroom__constants.py-47dc3762.md	1130	72
0074	src/mindroom/conversation_resolver.py	docs/duplication-audit/reports-src/0074-src__mindroom__conversation_resolver.py-182972aa.md	714	29
0075	src/mindroom/conversation_state_writer.py	docs/duplication-audit/reports-src/0075-src__mindroom__conversation_state_writer.py-fcbdd081.md	117	7
0076	src/mindroom/credential_policy.py	docs/duplication-audit/reports-src/0076-src__mindroom__credential_policy.py-c62095df.md	117	6
0077	src/mindroom/credentials.py	docs/duplication-audit/reports-src/0077-src__mindroom__credentials.py-5e5f1754.md	610	35
0078	src/mindroom/credentials_sync.py	docs/duplication-audit/reports-src/0078-src__mindroom__credentials_sync.py-0b8297e0.md	400	15
0079	src/mindroom/custom_tools/__init__.py	docs/duplication-audit/reports-src/0079-src__mindroom__custom_tools____init__.py-6f5a65da.md	1	0
0080	src/mindroom/custom_tools/attachment_helpers.py	docs/duplication-audit/reports-src/0080-src__mindroom__custom_tools__attachment_helpers.py-0bdc1b93.md	130	6
0081	src/mindroom/custom_tools/attachments.py	docs/duplication-audit/reports-src/0081-src__mindroom__custom_tools__attachments.py-0339cf05.md	669	23
0082	src/mindroom/custom_tools/browser.py	docs/duplication-audit/reports-src/0082-src__mindroom__custom_tools__browser.py-ef67bf39.md	1102	40
0083	src/mindroom/custom_tools/claude_agent.py	docs/duplication-audit/reports-src/0083-src__mindroom__custom_tools__claude_agent.py-76c03f80.md	627	40
0084	src/mindroom/custom_tools/coding.py	docs/duplication-audit/reports-src/0084-src__mindroom__custom_tools__coding.py-18d1ed6d.md	1149	48
0085	src/mindroom/custom_tools/compact_context.py	docs/duplication-audit/reports-src/0085-src__mindroom__custom_tools__compact_context.py-b347711e.md	63	3
0086	src/mindroom/custom_tools/config_manager.py	docs/duplication-audit/reports-src/0086-src__mindroom__custom_tools__config_manager.py-5d99c6a5.md	977	29
0087	src/mindroom/custom_tools/delegate.py	docs/duplication-audit/reports-src/0087-src__mindroom__custom_tools__delegate.py-a4c61d82.md	195	6
0088	src/mindroom/custom_tools/dynamic_tools.py	docs/duplication-audit/reports-src/0088-src__mindroom__custom_tools__dynamic_tools.py-2a502d96.md	248	13
0089	src/mindroom/custom_tools/gmail.py	docs/duplication-audit/reports-src/0089-src__mindroom__custom_tools__gmail.py-c63ef194.md	68	3
0090	src/mindroom/custom_tools/google_calendar.py	docs/duplication-audit/reports-src/0090-src__mindroom__custom_tools__google_calendar.py-ca1c26e1.md	79	3
0091	src/mindroom/custom_tools/google_drive.py	docs/duplication-audit/reports-src/0091-src__mindroom__custom_tools__google_drive.py-c1ac9468.md	97	4
0092	src/mindroom/custom_tools/google_service.py	docs/duplication-audit/reports-src/0092-src__mindroom__custom_tools__google_service.py-f763287d.md	28	6
0093	src/mindroom/custom_tools/google_sheets.py	docs/duplication-audit/reports-src/0093-src__mindroom__custom_tools__google_sheets.py-959a5245.md	85	4
0094	src/mindroom/custom_tools/homeassistant.py	docs/duplication-audit/reports-src/0094-src__mindroom__custom_tools__homeassistant.py-d66dce5a.md	364	15
0095	src/mindroom/custom_tools/matrix_api.py	docs/duplication-audit/reports-src/0095-src__mindroom__custom_tools__matrix_api.py-e34f0af1.md	1539	47
0096	src/mindroom/custom_tools/matrix_conversation_operations.py	docs/duplication-audit/reports-src/0096-src__mindroom__custom_tools__matrix_conversation_operations.py-995d531e.md	801	17
0097	src/mindroom/custom_tools/matrix_helpers.py	docs/duplication-audit/reports-src/0097-src__mindroom__custom_tools__matrix_helpers.py-6f2d7377.md	54	1
0098	src/mindroom/custom_tools/matrix_message.py	docs/duplication-audit/reports-src/0098-src__mindroom__custom_tools__matrix_message.py-ddcccd29.md	312	11
0099	src/mindroom/custom_tools/matrix_room.py	docs/duplication-audit/reports-src/0099-src__mindroom__custom_tools__matrix_room.py-cbb8b1a7.md	521	18
0100	src/mindroom/custom_tools/memory.py	docs/duplication-audit/reports-src/0100-src__mindroom__custom_tools__memory.py-250ad887.md	253	8
0101	src/mindroom/custom_tools/scheduler.py	docs/duplication-audit/reports-src/0101-src__mindroom__custom_tools__scheduler.py-f20037a0.md	132	7
0102	src/mindroom/custom_tools/self_config.py	docs/duplication-audit/reports-src/0102-src__mindroom__custom_tools__self_config.py-82997f18.md	218	4
0103	src/mindroom/custom_tools/subagents.py	docs/duplication-audit/reports-src/0103-src__mindroom__custom_tools__subagents.py-8219ba9b.md	669	34
0104	src/mindroom/custom_tools/thread_summary.py	docs/duplication-audit/reports-src/0104-src__mindroom__custom_tools__thread_summary.py-546eab42.md	131	5
0105	src/mindroom/custom_tools/thread_tags.py	docs/duplication-audit/reports-src/0105-src__mindroom__custom_tools__thread_tags.py-98f1ba8b.md	438	10
0106	src/mindroom/delivery_gateway.py	docs/duplication-audit/reports-src/0106-src__mindroom__delivery_gateway.py-1f9687b6.md	1521	41
0107	src/mindroom/dispatch_handoff.py	docs/duplication-audit/reports-src/0107-src__mindroom__dispatch_handoff.py-e3e3b1ee.md	339	17
0108	src/mindroom/dispatch_source.py	docs/duplication-audit/reports-src/0108-src__mindroom__dispatch_source.py-238b1221.md	96	9
0109	src/mindroom/edit_regenerator.py	docs/duplication-audit/reports-src/0109-src__mindroom__edit_regenerator.py-755a7452.md	322	9
0110	src/mindroom/embeddings.py	docs/duplication-audit/reports-src/0110-src__mindroom__embeddings.py-5a5d8353.md	186	13
0111	src/mindroom/entity_resolution.py	docs/duplication-audit/reports-src/0111-src__mindroom__entity_resolution.py-cf7b782d.md	134	7
0112	src/mindroom/error_handling.py	docs/duplication-audit/reports-src/0112-src__mindroom__error_handling.py-4ebc02fd.md	61	4
0113	src/mindroom/execution_preparation.py	docs/duplication-audit/reports-src/0113-src__mindroom__execution_preparation.py-0f1ebd20.md	967	42
0114	src/mindroom/file_watcher.py	docs/duplication-audit/reports-src/0114-src__mindroom__file_watcher.py-472da898.md	88	4
0115	src/mindroom/final_delivery.py	docs/duplication-audit/reports-src/0115-src__mindroom__final_delivery.py-68af3c36.md	84	11
0116	src/mindroom/frontend_assets.py	docs/duplication-audit/reports-src/0116-src__mindroom__frontend_assets.py-db5a4675.md	65	3
0117	src/mindroom/handled_turns.py	docs/duplication-audit/reports-src/0117-src__mindroom__handled_turns.py-b18d198e.md	1078	66
0118	src/mindroom/history/__init__.py	docs/duplication-audit/reports-src/0118-src__mindroom__history____init__.py-c4848928.md	108	0
0119	src/mindroom/history/compaction.py	docs/duplication-audit/reports-src/0119-src__mindroom__history__compaction.py-8d2c60fc.md	1776	90
0120	src/mindroom/history/interrupted_replay.py	docs/duplication-audit/reports-src/0120-src__mindroom__history__interrupted_replay.py-31fd0419.md	353	14
0121	src/mindroom/history/manual.py	docs/duplication-audit/reports-src/0121-src__mindroom__history__manual.py-ff628c46.md	153	4
0122	src/mindroom/history/policy.py	docs/duplication-audit/reports-src/0122-src__mindroom__history__policy.py-105176fa.md	249	8
0123	src/mindroom/history/runtime.py	docs/duplication-audit/reports-src/0123-src__mindroom__history__runtime.py-362e538b.md	1638	59
0124	src/mindroom/history/storage.py	docs/duplication-audit/reports-src/0124-src__mindroom__history__storage.py-15144ff3.md	458	27
0125	src/mindroom/history/turn_recorder.py	docs/duplication-audit/reports-src/0125-src__mindroom__history__turn_recorder.py-d98d3efc.md	121	14
0126	src/mindroom/history/types.py	docs/duplication-audit/reports-src/0126-src__mindroom__history__types.py-e2760eca.md	325	26
0127	src/mindroom/hooks/__init__.py	docs/duplication-audit/reports-src/0127-src__mindroom__hooks____init__.py-86499c2b.md	169	1
0128	src/mindroom/hooks/context.py	docs/duplication-audit/reports-src/0128-src__mindroom__hooks__context.py-8f72a9ec.md	811	56
0129	src/mindroom/hooks/decorators.py	docs/duplication-audit/reports-src/0129-src__mindroom__hooks__decorators.py-f68669ce.md	84	5
0130	src/mindroom/hooks/enrichment.py	docs/duplication-audit/reports-src/0130-src__mindroom__hooks__enrichment.py-0d2c8e95.md	47	3
0131	src/mindroom/hooks/execution.py	docs/duplication-audit/reports-src/0131-src__mindroom__hooks__execution.py-95cb1561.md	455	25
0132	src/mindroom/hooks/ingress.py	docs/duplication-audit/reports-src/0132-src__mindroom__hooks__ingress.py-2b2dc7db.md	64	4
0133	src/mindroom/hooks/matrix_admin.py	docs/duplication-audit/reports-src/0133-src__mindroom__hooks__matrix_admin.py-216741b6.md	72	7
0134	src/mindroom/hooks/registry.py	docs/duplication-audit/reports-src/0134-src__mindroom__hooks__registry.py-48883611.md	125	8
0135	src/mindroom/hooks/sender.py	docs/duplication-audit/reports-src/0135-src__mindroom__hooks__sender.py-cbce86a2.md	133	5
0136	src/mindroom/hooks/state.py	docs/duplication-audit/reports-src/0136-src__mindroom__hooks__state.py-d2919cbd.md	102	8
0137	src/mindroom/hooks/types.py	docs/duplication-audit/reports-src/0137-src__mindroom__hooks__types.py-5f7fe69a.md	188	15
0138	src/mindroom/inbound_turn_normalizer.py	docs/duplication-audit/reports-src/0138-src__mindroom__inbound_turn_normalizer.py-f8a1bcac.md	399	18
0139	src/mindroom/interactive.py	docs/duplication-audit/reports-src/0139-src__mindroom__interactive.py-3b538162.md	758	36
0140	src/mindroom/knowledge/__init__.py	docs/duplication-audit/reports-src/0140-src__mindroom__knowledge____init__.py-aa3a054d.md	25	0
0141	src/mindroom/knowledge/availability.py	docs/duplication-audit/reports-src/0141-src__mindroom__knowledge__availability.py-bbfafddc.md	15	1
0142	src/mindroom/knowledge/chunking.py	docs/duplication-audit/reports-src/0142-src__mindroom__knowledge__chunking.py-31a46916.md	69	3
0143	src/mindroom/knowledge/manager.py	docs/duplication-audit/reports-src/0143-src__mindroom__knowledge__manager.py-747235bb.md	1705	94
0144	src/mindroom/knowledge/redaction.py	docs/duplication-audit/reports-src/0144-src__mindroom__knowledge__redaction.py-f0c7315f.md	105	6
0145	src/mindroom/knowledge/refresh_runner.py	docs/duplication-audit/reports-src/0145-src__mindroom__knowledge__refresh_runner.py-3974c8c2.md	951	42
0146	src/mindroom/knowledge/refresh_scheduler.py	docs/duplication-audit/reports-src/0146-src__mindroom__knowledge__refresh_scheduler.py-4c073d66.md	197	11
0147	src/mindroom/knowledge/registry.py	docs/duplication-audit/reports-src/0147-src__mindroom__knowledge__registry.py-7cc8f771.md	897	60
0148	src/mindroom/knowledge/status.py	docs/duplication-audit/reports-src/0148-src__mindroom__knowledge__status.py-8d3800d1.md	102	5
0149	src/mindroom/knowledge/utils.py	docs/duplication-audit/reports-src/0149-src__mindroom__knowledge__utils.py-e700f2f7.md	621	36
0150	src/mindroom/knowledge/watch.py	docs/duplication-audit/reports-src/0150-src__mindroom__knowledge__watch.py-121be029.md	269	15
0151	src/mindroom/knowledge_refresh_runner.py	docs/duplication-audit/reports-src/0151-src__mindroom__knowledge_refresh_runner.py-52ca5d65.md	8	0
0152	src/mindroom/llm_request_logging.py	docs/duplication-audit/reports-src/0152-src__mindroom__llm_request_logging.py-b5457367.md	386	24
0153	src/mindroom/logging_config.py	docs/duplication-audit/reports-src/0153-src__mindroom__logging_config.py-6ee1dece.md	251	8
0154	src/mindroom/matrix/__init__.py	docs/duplication-audit/reports-src/0154-src__mindroom__matrix____init__.py-163b052a.md	1	0
0155	src/mindroom/matrix/avatar.py	docs/duplication-audit/reports-src/0155-src__mindroom__matrix__avatar.py-108d6699.md	184	7
0156	src/mindroom/matrix/cache/__init__.py	docs/duplication-audit/reports-src/0156-src__mindroom__matrix__cache____init__.py-1ce87474.md	62	0
0157	src/mindroom/matrix/cache/agent_message_snapshot.py	docs/duplication-audit/reports-src/0157-src__mindroom__matrix__cache__agent_message_snapshot.py-5452081d.md	18	2
0158	src/mindroom/matrix/cache/event_cache.py	docs/duplication-audit/reports-src/0158-src__mindroom__matrix__cache__event_cache.py-01087f1b.md	160	32
0159	src/mindroom/matrix/cache/event_normalization.py	docs/duplication-audit/reports-src/0159-src__mindroom__matrix__cache__event_normalization.py-1f2ae298.md	52	2
0160	src/mindroom/matrix/cache/postgres_agent_message_snapshot.py	docs/duplication-audit/reports-src/0160-src__mindroom__matrix__cache__postgres_agent_message_snapshot.py-934b84d3.md	224	8
0161	src/mindroom/matrix/cache/postgres_event_cache.py	docs/duplication-audit/reports-src/0161-src__mindroom__matrix__cache__postgres_event_cache.py-bf30c28a.md	1223	81
0162	src/mindroom/matrix/cache/postgres_event_cache_events.py	docs/duplication-audit/reports-src/0162-src__mindroom__matrix__cache__postgres_event_cache_events.py-72497956.md	695	31
0163	src/mindroom/matrix/cache/postgres_event_cache_threads.py	docs/duplication-audit/reports-src/0163-src__mindroom__matrix__cache__postgres_event_cache_threads.py-bd8f248b.md	663	19
0164	src/mindroom/matrix/cache/postgres_redaction.py	docs/duplication-audit/reports-src/0164-src__mindroom__matrix__cache__postgres_redaction.py-b0cdab8d.md	53	4
0165	src/mindroom/matrix/cache/sqlite_agent_message_snapshot.py	docs/duplication-audit/reports-src/0165-src__mindroom__matrix__cache__sqlite_agent_message_snapshot.py-025c44bc.md	212	8
0166	src/mindroom/matrix/cache/sqlite_event_cache.py	docs/duplication-audit/reports-src/0166-src__mindroom__matrix__cache__sqlite_event_cache.py-63c7ba2c.md	813	58
0167	src/mindroom/matrix/cache/sqlite_event_cache_events.py	docs/duplication-audit/reports-src/0167-src__mindroom__matrix__cache__sqlite_event_cache_events.py-fcb9b003.md	600	28
0168	src/mindroom/matrix/cache/sqlite_event_cache_threads.py	docs/duplication-audit/reports-src/0168-src__mindroom__matrix__cache__sqlite_event_cache_threads.py-802727c7.md	583	16
0169	src/mindroom/matrix/cache/thread_cache_helpers.py	docs/duplication-audit/reports-src/0169-src__mindroom__matrix__cache__thread_cache_helpers.py-e7449449.md	50	4
0170	src/mindroom/matrix/cache/thread_history_result.py	docs/duplication-audit/reports-src/0170-src__mindroom__matrix__cache__thread_history_result.py-cf4543fb.md	80	8
0171	src/mindroom/matrix/cache/thread_reads.py	docs/duplication-audit/reports-src/0171-src__mindroom__matrix__cache__thread_reads.py-fb0f38db.md	215	12
0172	src/mindroom/matrix/cache/thread_write_cache_ops.py	docs/duplication-audit/reports-src/0172-src__mindroom__matrix__cache__thread_write_cache_ops.py-7992901a.md	375	18
0173	src/mindroom/matrix/cache/thread_writes.py	docs/duplication-audit/reports-src/0173-src__mindroom__matrix__cache__thread_writes.py-e5af6b4c.md	1238	42
0174	src/mindroom/matrix/cache/write_coordinator.py	docs/duplication-audit/reports-src/0174-src__mindroom__matrix__cache__write_coordinator.py-0eda41ce.md	882	53
0175	src/mindroom/matrix/client.py	docs/duplication-audit/reports-src/0175-src__mindroom__matrix__client.py-140ed237.md	60	0
0176	src/mindroom/matrix/client_delivery.py	docs/duplication-audit/reports-src/0176-src__mindroom__matrix__client_delivery.py-0fe0b9a6.md	502	17
0177	src/mindroom/matrix/client_room_admin.py	docs/duplication-audit/reports-src/0177-src__mindroom__matrix__client_room_admin.py-b9ad6b8e.md	476	19
0178	src/mindroom/matrix/client_session.py	docs/duplication-audit/reports-src/0178-src__mindroom__matrix__client_session.py-2f3ea3ab.md	163	8
0179	src/mindroom/matrix/client_thread_history.py	docs/duplication-audit/reports-src/0179-src__mindroom__matrix__client_thread_history.py-4e42770c.md	1201	36
0180	src/mindroom/matrix/client_visible_messages.py	docs/duplication-audit/reports-src/0180-src__mindroom__matrix__client_visible_messages.py-c7f7402f.md	510	24
0181	src/mindroom/matrix/conversation_cache.py	docs/duplication-audit/reports-src/0181-src__mindroom__matrix__conversation_cache.py-30fbca2b.md	971	53
0182	src/mindroom/matrix/event_info.py	docs/duplication-audit/reports-src/0182-src__mindroom__matrix__event_info.py-910f7fd9.md	212	6
0183	src/mindroom/matrix/health.py	docs/duplication-audit/reports-src/0183-src__mindroom__matrix__health.py-2c469887.md	158	11
0184	src/mindroom/matrix/identity.py	docs/duplication-audit/reports-src/0184-src__mindroom__matrix__identity.py-3f24995f.md	309	28
0185	src/mindroom/matrix/image_handler.py	docs/duplication-audit/reports-src/0185-src__mindroom__matrix__image_handler.py-21a06c94.md	46	1
0186	src/mindroom/matrix/invited_rooms_store.py	docs/duplication-audit/reports-src/0186-src__mindroom__matrix__invited_rooms_store.py-453a0b20.md	84	6
0187	src/mindroom/matrix/large_messages.py	docs/duplication-audit/reports-src/0187-src__mindroom__matrix__large_messages.py-ea4ccc97.md	539	21
0188	src/mindroom/matrix/media.py	docs/duplication-audit/reports-src/0188-src__mindroom__matrix__media.py-b2c9723f.md	207	16
0189	src/mindroom/matrix/mentions.py	docs/duplication-audit/reports-src/0189-src__mindroom__matrix__mentions.py-c6b8e780.md	416	21
0190	src/mindroom/matrix/message_builder.py	docs/duplication-audit/reports-src/0190-src__mindroom__matrix__message_builder.py-7c80755c.md	564	35
0191	src/mindroom/matrix/message_content.py	docs/duplication-audit/reports-src/0191-src__mindroom__matrix__message_content.py-707cdde7.md	364	12
0192	src/mindroom/matrix/presence.py	docs/duplication-audit/reports-src/0192-src__mindroom__matrix__presence.py-57db8144.md	215	4
0193	src/mindroom/matrix/provisioning.py	docs/duplication-audit/reports-src/0193-src__mindroom__matrix__provisioning.py-0f0cf027.md	138	6
0194	src/mindroom/matrix/room_cleanup.py	docs/duplication-audit/reports-src/0194-src__mindroom__matrix__room_cleanup.py-8102b90f.md	206	4
0195	src/mindroom/matrix/rooms.py	docs/duplication-audit/reports-src/0195-src__mindroom__matrix__rooms.py-b3484025.md	710	21
0196	src/mindroom/matrix/stale_stream_cleanup.py	docs/duplication-audit/reports-src/0196-src__mindroom__matrix__stale_stream_cleanup.py-5e0a11be.md	1444	46
0197	src/mindroom/matrix/state.py	docs/duplication-audit/reports-src/0197-src__mindroom__matrix__state.py-1ea002d2.md	216	21
0198	src/mindroom/matrix/sync_certification.py	docs/duplication-audit/reports-src/0198-src__mindroom__matrix__sync_certification.py-607d252b.md	173	13
0199	src/mindroom/matrix/sync_tokens.py	docs/duplication-audit/reports-src/0199-src__mindroom__matrix__sync_tokens.py-7cbe5143.md	123	11
0200	src/mindroom/matrix/thread_bookkeeping.py	docs/duplication-audit/reports-src/0200-src__mindroom__matrix__thread_bookkeeping.py-76877fdc.md	437	26
0201	src/mindroom/matrix/thread_membership.py	docs/duplication-audit/reports-src/0201-src__mindroom__matrix__thread_membership.py-fbd89c5b.md	535	43
0202	src/mindroom/matrix/thread_projection.py	docs/duplication-audit/reports-src/0202-src__mindroom__matrix__thread_projection.py-1f8f27df.md	391	16
0203	src/mindroom/matrix/thread_room_scan.py	docs/duplication-audit/reports-src/0203-src__mindroom__matrix__thread_room_scan.py-43ccf814.md	127	10
0204	src/mindroom/matrix/typing.py	docs/duplication-audit/reports-src/0204-src__mindroom__matrix__typing.py-a76e5f93.md	91	3
0205	src/mindroom/matrix/users.py	docs/duplication-audit/reports-src/0205-src__mindroom__matrix__users.py-b277acc6.md	831	28
0206	src/mindroom/matrix/visible_body.py	docs/duplication-audit/reports-src/0206-src__mindroom__matrix__visible_body.py-6ad69277.md	127	9
0207	src/mindroom/matrix_identifiers.py	docs/duplication-audit/reports-src/0207-src__mindroom__matrix_identifiers.py-09aaaf92.md	83	8
0208	src/mindroom/mcp/__init__.py	docs/duplication-audit/reports-src/0208-src__mindroom__mcp____init__.py-b783e355.md	10	0
0209	src/mindroom/mcp/config.py	docs/duplication-audit/reports-src/0209-src__mindroom__mcp__config.py-ba6cdc3d.md	139	10
0210	src/mindroom/mcp/errors.py	docs/duplication-audit/reports-src/0210-src__mindroom__mcp__errors.py-6705b653.md	27	6
0211	src/mindroom/mcp/manager.py	docs/duplication-audit/reports-src/0211-src__mindroom__mcp__manager.py-e5cd7757.md	650	37
0212	src/mindroom/mcp/registry.py	docs/duplication-audit/reports-src/0212-src__mindroom__mcp__registry.py-fbfbead2.md	224	15
0213	src/mindroom/mcp/results.py	docs/duplication-audit/reports-src/0213-src__mindroom__mcp__results.py-03f93098.md	115	8
0214	src/mindroom/mcp/toolkit.py	docs/duplication-audit/reports-src/0214-src__mindroom__mcp__toolkit.py-a546f1af.md	109	9
0215	src/mindroom/mcp/transports.py	docs/duplication-audit/reports-src/0215-src__mindroom__mcp__transports.py-e7f51e37.md	137	10
0216	src/mindroom/mcp/types.py	docs/duplication-audit/reports-src/0216-src__mindroom__mcp__types.py-684bb22d.md	111	8
0217	src/mindroom/media_fallback.py	docs/duplication-audit/reports-src/0217-src__mindroom__media_fallback.py-449c9479.md	43	3
0218	src/mindroom/media_inputs.py	docs/duplication-audit/reports-src/0218-src__mindroom__media_inputs.py-bb9820f9.md	42	3
0219	src/mindroom/memory/__init__.py	docs/duplication-audit/reports-src/0219-src__mindroom__memory____init__.py-a79dcb8e.md	39	0
0220	src/mindroom/memory/_file_backend.py	docs/duplication-audit/reports-src/0220-src__mindroom__memory___file_backend.py-b547ea2a.md	869	33
0221	src/mindroom/memory/_mem0_backend.py	docs/duplication-audit/reports-src/0221-src__mindroom__memory___mem0_backend.py-ef1d7ebb.md	541	20
0222	src/mindroom/memory/_policy.py	docs/duplication-audit/reports-src/0222-src__mindroom__memory___policy.py-c17a3c73.md	240	18
0223	src/mindroom/memory/_prompting.py	docs/duplication-audit/reports-src/0223-src__mindroom__memory___prompting.py-7da73ba2.md	60	4
0224	src/mindroom/memory/_shared.py	docs/duplication-audit/reports-src/0224-src__mindroom__memory___shared.py-44058a40.md	101	13
0225	src/mindroom/memory/auto_flush.py	docs/duplication-audit/reports-src/0225-src__mindroom__memory__auto_flush.py-fca580e0.md	858	35
0226	src/mindroom/memory/config.py	docs/duplication-audit/reports-src/0226-src__mindroom__memory__config.py-f475b82c.md	180	3
0227	src/mindroom/memory/functions.py	docs/duplication-audit/reports-src/0227-src__mindroom__memory__functions.py-df3835e9.md	493	15
0228	src/mindroom/message_target.py	docs/duplication-audit/reports-src/0228-src__mindroom__message_target.py-a4b60682.md	98	8
0229	src/mindroom/metadata_merge.py	docs/duplication-audit/reports-src/0229-src__mindroom__metadata_merge.py-1f8c5336.md	31	1
0230	src/mindroom/model_loading.py	docs/duplication-audit/reports-src/0230-src__mindroom__model_loading.py-bcac210d.md	176	3
0231	src/mindroom/oauth/__init__.py	docs/duplication-audit/reports-src/0231-src__mindroom__oauth____init__.py-70ac93b1.md	29	0
0232	src/mindroom/oauth/client.py	docs/duplication-audit/reports-src/0232-src__mindroom__oauth__client.py-641ec76b.md	320	25
0233	src/mindroom/oauth/google.py	docs/duplication-audit/reports-src/0233-src__mindroom__oauth__google.py-1b41f116.md	104	2
0234	src/mindroom/oauth/google_calendar.py	docs/duplication-audit/reports-src/0234-src__mindroom__oauth__google_calendar.py-02b7dfeb.md	39	1
0235	src/mindroom/oauth/google_drive.py	docs/duplication-audit/reports-src/0235-src__mindroom__oauth__google_drive.py-606cb161.md	42	1
0236	src/mindroom/oauth/google_gmail.py	docs/duplication-audit/reports-src/0236-src__mindroom__oauth__google_gmail.py-42540792.md	41	1
0237	src/mindroom/oauth/google_sheets.py	docs/duplication-audit/reports-src/0237-src__mindroom__oauth__google_sheets.py-1c9de26a.md	39	1
0238	src/mindroom/oauth/providers.py	docs/duplication-audit/reports-src/0238-src__mindroom__oauth__providers.py-2791287a.md	578	38
0239	src/mindroom/oauth/registry.py	docs/duplication-audit/reports-src/0239-src__mindroom__oauth__registry.py-2de29fe4.md	233	11
0240	src/mindroom/oauth/service.py	docs/duplication-audit/reports-src/0240-src__mindroom__oauth__service.py-f3ab6271.md	335	17
0241	src/mindroom/oauth/state.py	docs/duplication-audit/reports-src/0241-src__mindroom__oauth__state.py-2d7589a6.md	187	9
0242	src/mindroom/orchestration/__init__.py	docs/duplication-audit/reports-src/0242-src__mindroom__orchestration____init__.py-1acc671d.md	1	0
0243	src/mindroom/orchestration/config_updates.py	docs/duplication-audit/reports-src/0243-src__mindroom__orchestration__config_updates.py-001a9b10.md	215	12
0244	src/mindroom/orchestration/plugin_watch.py	docs/duplication-audit/reports-src/0244-src__mindroom__orchestration__plugin_watch.py-1a385876.md	150	10
0245	src/mindroom/orchestration/rooms.py	docs/duplication-audit/reports-src/0245-src__mindroom__orchestration__rooms.py-d4ef58dd.md	52	4
0246	src/mindroom/orchestration/runtime.py	docs/duplication-audit/reports-src/0246-src__mindroom__orchestration__runtime.py-74f20e35.md	507	23
0247	src/mindroom/orchestrator.py	docs/duplication-audit/reports-src/0247-src__mindroom__orchestrator.py-e88e39ed.md	2023	109
0248	src/mindroom/post_response_effects.py	docs/duplication-audit/reports-src/0248-src__mindroom__post_response_effects.py-2f46b6ff.md	292	11
0249	src/mindroom/response_attempt.py	docs/duplication-audit/reports-src/0249-src__mindroom__response_attempt.py-2b9ced5f.md	187	7
0250	src/mindroom/response_lifecycle.py	docs/duplication-audit/reports-src/0250-src__mindroom__response_lifecycle.py-6f3efcf4.md	532	38
0251	src/mindroom/response_runner.py	docs/duplication-audit/reports-src/0251-src__mindroom__response_runner.py-6d4fdfa4.md	2444	76
0252	src/mindroom/response_terminal.py	docs/duplication-audit/reports-src/0252-src__mindroom__response_terminal.py-3a8b2117.md	71	4
0253	src/mindroom/routing.py	docs/duplication-audit/reports-src/0253-src__mindroom__routing.py-f8d7d2bd.md	163	3
0254	src/mindroom/runtime_protocols.py	docs/duplication-audit/reports-src/0254-src__mindroom__runtime_protocols.py-8cba76c9.md	107	23
0255	src/mindroom/runtime_resolution.py	docs/duplication-audit/reports-src/0255-src__mindroom__runtime_resolution.py-98793e18.md	327	12
0256	src/mindroom/runtime_state.py	docs/duplication-audit/reports-src/0256-src__mindroom__runtime_state.py-263ebdc8.md	52	6
0257	src/mindroom/runtime_support.py	docs/duplication-audit/reports-src/0257-src__mindroom__runtime_support.py-b8ef467c.md	255	14
0258	src/mindroom/scheduling.py	docs/duplication-audit/reports-src/0258-src__mindroom__scheduling.py-fd14dead.md	1705	53
0259	src/mindroom/stop.py	docs/duplication-audit/reports-src/0259-src__mindroom__stop.py-504d605e.md	464	18
0260	src/mindroom/streaming.py	docs/duplication-audit/reports-src/0260-src__mindroom__streaming.py-4274fdd8.md	1220	48
0261	src/mindroom/streaming_delivery.py	docs/duplication-audit/reports-src/0261-src__mindroom__streaming_delivery.py-8400d2f9.md	618	19
0262	src/mindroom/streaming_warmup.py	docs/duplication-audit/reports-src/0262-src__mindroom__streaming_warmup.py-141d34d6.md	167	12
0263	src/mindroom/sync_bridge_state.py	docs/duplication-audit/reports-src/0263-src__mindroom__sync_bridge_state.py-6eb88f8b.md	33	2
0264	src/mindroom/team_exact_members.py	docs/duplication-audit/reports-src/0264-src__mindroom__team_exact_members.py-b26a3f01.md	94	3
0265	src/mindroom/teams.py	docs/duplication-audit/reports-src/0265-src__mindroom__teams.py-7e9133a6.md	2512	89
0266	src/mindroom/thread_summary.py	docs/duplication-audit/reports-src/0266-src__mindroom__thread_summary.py-543e8761.md	569	23
0267	src/mindroom/thread_tags.py	docs/duplication-audit/reports-src/0267-src__mindroom__thread_tags.py-8397cb4d.md	987	47
0268	src/mindroom/thread_utils.py	docs/duplication-audit/reports-src/0268-src__mindroom__thread_utils.py-ce71d731.md	338	14
0269	src/mindroom/timing.py	docs/duplication-audit/reports-src/0269-src__mindroom__timing.py-b82fabc3.md	254	20
0270	src/mindroom/token_budget.py	docs/duplication-audit/reports-src/0270-src__mindroom__token_budget.py-b4967bdc.md	50	3
0271	src/mindroom/tool_approval.py	docs/duplication-audit/reports-src/0271-src__mindroom__tool_approval.py-caa3e4c8.md	349	18
0272	src/mindroom/tool_system/__init__.py	docs/duplication-audit/reports-src/0272-src__mindroom__tool_system____init__.py-ca9e5f93.md	1	0
0273	src/mindroom/tool_system/bootstrap.py	docs/duplication-audit/reports-src/0273-src__mindroom__tool_system__bootstrap.py-b46e05ab.md	28	1
0274	src/mindroom/tool_system/catalog.py	docs/duplication-audit/reports-src/0274-src__mindroom__tool_system__catalog.py-04339d6c.md	57	0
0275	src/mindroom/tool_system/dependencies.py	docs/duplication-audit/reports-src/0275-src__mindroom__tool_system__dependencies.py-aabfcbab.md	255	20
0276	src/mindroom/tool_system/dynamic_toolkits.py	docs/duplication-audit/reports-src/0276-src__mindroom__tool_system__dynamic_toolkits.py-38130057.md	302	17
0277	src/mindroom/tool_system/events.py	docs/duplication-audit/reports-src/0277-src__mindroom__tool_system__events.py-3a4d407d.md	530	28
0278	src/mindroom/tool_system/metadata.py	docs/duplication-audit/reports-src/0278-src__mindroom__tool_system__metadata.py-32f64273.md	1274	50
0279	src/mindroom/tool_system/output_files.py	docs/duplication-audit/reports-src/0279-src__mindroom__tool_system__output_files.py-39077e71.md	621	39
0280	src/mindroom/tool_system/plugin_identity.py	docs/duplication-audit/reports-src/0280-src__mindroom__tool_system__plugin_identity.py-dfbfe050.md	19	1
0281	src/mindroom/tool_system/plugin_imports.py	docs/duplication-audit/reports-src/0281-src__mindroom__tool_system__plugin_imports.py-c48a5914.md	406	24
0282	src/mindroom/tool_system/plugins.py	docs/duplication-audit/reports-src/0282-src__mindroom__tool_system__plugins.py-4cda26fe.md	470	23
0283	src/mindroom/tool_system/registry_state.py	docs/duplication-audit/reports-src/0283-src__mindroom__tool_system__registry_state.py-76dd0702.md	225	16
0284	src/mindroom/tool_system/runtime_context.py	docs/duplication-audit/reports-src/0284-src__mindroom__tool_system__runtime_context.py-70e30e92.md	612	36
0285	src/mindroom/tool_system/sandbox_proxy.py	docs/duplication-audit/reports-src/0285-src__mindroom__tool_system__sandbox_proxy.py-f1ceee34.md	1072	38
0286	src/mindroom/tool_system/skills.py	docs/duplication-audit/reports-src/0286-src__mindroom__tool_system__skills.py-ce35838b.md	647	43
0287	src/mindroom/tool_system/tool_calls.py	docs/duplication-audit/reports-src/0287-src__mindroom__tool_system__tool_calls.py-29950ea2.md	554	26
0288	src/mindroom/tool_system/tool_hooks.py	docs/duplication-audit/reports-src/0288-src__mindroom__tool_system__tool_hooks.py-e36ad544.md	821	34
0289	src/mindroom/tool_system/toolkit_aliases.py	docs/duplication-audit/reports-src/0289-src__mindroom__tool_system__toolkit_aliases.py-540ebaa4.md	37	2
0290	src/mindroom/tool_system/worker_routing.py	docs/duplication-audit/reports-src/0290-src__mindroom__tool_system__worker_routing.py-a8601463.md	700	47
0291	src/mindroom/tools/__init__.py	docs/duplication-audit/reports-src/0291-src__mindroom__tools____init__.py-c7a96c6a.md	330	2
0292	src/mindroom/tools/agentql.py	docs/duplication-audit/reports-src/0292-src__mindroom__tools__agentql.py-3ec0f907.md	109	6
0293	src/mindroom/tools/airflow.py	docs/duplication-audit/reports-src/0293-src__mindroom__tools__airflow.py-7a564879.md	60	1
0294	src/mindroom/tools/apify.py	docs/duplication-audit/reports-src/0294-src__mindroom__tools__apify.py-1e92601a.md	50	1
0295	src/mindroom/tools/arxiv.py	docs/duplication-audit/reports-src/0295-src__mindroom__tools__arxiv.py-d15ee699.md	60	1
0296	src/mindroom/tools/attachments.py	docs/duplication-audit/reports-src/0296-src__mindroom__tools__attachments.py-d4e076e9.md	42	1
0297	src/mindroom/tools/aws_lambda.py	docs/duplication-audit/reports-src/0297-src__mindroom__tools__aws_lambda.py-ae9bb955.md	60	1
0298	src/mindroom/tools/aws_ses.py	docs/duplication-audit/reports-src/0298-src__mindroom__tools__aws_ses.py-21361ba9.md	67	1
0299	src/mindroom/tools/baidusearch.py	docs/duplication-audit/reports-src/0299-src__mindroom__tools__baidusearch.py-55e8a43c.md	88	1
0300	src/mindroom/tools/bitbucket.py	docs/duplication-audit/reports-src/0300-src__mindroom__tools__bitbucket.py-3d44def7.md	92	1
0301	src/mindroom/tools/brandfetch.py	docs/duplication-audit/reports-src/0301-src__mindroom__tools__brandfetch.py-7cbeb2af.md	89	1
0302	src/mindroom/tools/brightdata.py	docs/duplication-audit/reports-src/0302-src__mindroom__tools__brightdata.py-1509e7e6.md	102	1
0303	src/mindroom/tools/browser.py	docs/duplication-audit/reports-src/0303-src__mindroom__tools__browser.py-51556bd3.md	50	1
0304	src/mindroom/tools/browserbase.py	docs/duplication-audit/reports-src/0304-src__mindroom__tools__browserbase.py-7bd06814.md	111	1
0305	src/mindroom/tools/cal_com.py	docs/duplication-audit/reports-src/0305-src__mindroom__tools__cal_com.py-7df636a3.md	101	1
0306	src/mindroom/tools/calculator.py	docs/duplication-audit/reports-src/0306-src__mindroom__tools__calculator.py-84fbabd9.md	31	1
0307	src/mindroom/tools/cartesia.py	docs/duplication-audit/reports-src/0307-src__mindroom__tools__cartesia.py-2fcac869.md	81	1
0308	src/mindroom/tools/claude_agent.py	docs/duplication-audit/reports-src/0308-src__mindroom__tools__claude_agent.py-3fcc6c5b.md	114	1
0309	src/mindroom/tools/clickup.py	docs/duplication-audit/reports-src/0309-src__mindroom__tools__clickup.py-e7c8ef8c.md	49	1
0310	src/mindroom/tools/coding.py	docs/duplication-audit/reports-src/0310-src__mindroom__tools__coding.py-9a774526.md	56	1
0311	src/mindroom/tools/compact_context.py	docs/duplication-audit/reports-src/0311-src__mindroom__tools__compact_context.py-afb03259.md	30	0
0312	src/mindroom/tools/composio.py	docs/duplication-audit/reports-src/0312-src__mindroom__tools__composio.py-9ecdd697.md	200	1
0313	src/mindroom/tools/config_manager.py	docs/duplication-audit/reports-src/0313-src__mindroom__tools__config_manager.py-e4219f2b.md	38	1
0314	src/mindroom/tools/confluence.py	docs/duplication-audit/reports-src/0314-src__mindroom__tools__confluence.py-b94fdb8a.md	81	1
0315	src/mindroom/tools/crawl4ai.py	docs/duplication-audit/reports-src/0315-src__mindroom__tools__crawl4ai.py-c0317f01.md	102	1
0316	src/mindroom/tools/csv.py	docs/duplication-audit/reports-src/0316-src__mindroom__tools__csv.py-77f647e0.md	95	1
0317	src/mindroom/tools/custom_api.py	docs/duplication-audit/reports-src/0317-src__mindroom__tools__custom_api.py-57a6e25e.md	95	1
0318	src/mindroom/tools/dalle.py	docs/duplication-audit/reports-src/0318-src__mindroom__tools__dalle.py-15a232c3.md	88	1
0319	src/mindroom/tools/daytona.py	docs/duplication-audit/reports-src/0319-src__mindroom__tools__daytona.py-d2681160.md	189	1
0320	src/mindroom/tools/delegate.py	docs/duplication-audit/reports-src/0320-src__mindroom__tools__delegate.py-ef5cc831.md	30	0
0321	src/mindroom/tools/desi_vocal.py	docs/duplication-audit/reports-src/0321-src__mindroom__tools__desi_vocal.py-ac71f0c3.md	69	1
0322	src/mindroom/tools/discord.py	docs/duplication-audit/reports-src/0322-src__mindroom__tools__discord.py-90adb7ac.md	90	1
0323	src/mindroom/tools/docker.py	docs/duplication-audit/reports-src/0323-src__mindroom__tools__docker.py-00306c37.md	56	1
0324	src/mindroom/tools/duckdb.py	docs/duplication-audit/reports-src/0324-src__mindroom__tools__duckdb.py-16550469.md	82	1
0325	src/mindroom/tools/duckduckgo.py	docs/duplication-audit/reports-src/0325-src__mindroom__tools__duckduckgo.py-de679162.md	102	1
0326	src/mindroom/tools/dynamic_tools.py	docs/duplication-audit/reports-src/0326-src__mindroom__tools__dynamic_tools.py-9f2fb4a8.md	21	0
0327	src/mindroom/tools/e2b.py	docs/duplication-audit/reports-src/0327-src__mindroom__tools__e2b.py-952dc182.md	73	1
0328	src/mindroom/tools/eleven_labs.py	docs/duplication-audit/reports-src/0328-src__mindroom__tools__eleven_labs.py-f5d8e368.md	95	1
0329	src/mindroom/tools/email.py	docs/duplication-audit/reports-src/0329-src__mindroom__tools__email.py-8d136e37.md	74	1
0330	src/mindroom/tools/exa.py	docs/duplication-audit/reports-src/0330-src__mindroom__tools__exa.py-28ad22cf.md	200	1
0331	src/mindroom/tools/fal.py	docs/duplication-audit/reports-src/0331-src__mindroom__tools__fal.py-ae3bfa0e.md	67	1
0332	src/mindroom/tools/file.py	docs/duplication-audit/reports-src/0332-src__mindroom__tools__file.py-79e81fb9.md	395	15
0333	src/mindroom/tools/file_generation.py	docs/duplication-audit/reports-src/0333-src__mindroom__tools__file_generation.py-5d553862.md	74	1
0334	src/mindroom/tools/financial_datasets_api.py	docs/duplication-audit/reports-src/0334-src__mindroom__tools__financial_datasets_api.py-a3cd7871.md	54	1
0335	src/mindroom/tools/firecrawl.py	docs/duplication-audit/reports-src/0335-src__mindroom__tools__firecrawl.py-8e1dcae3.md	109	1
0336	src/mindroom/tools/gemini.py	docs/duplication-audit/reports-src/0336-src__mindroom__tools__gemini.py-b02d8378.md	95	1
0337	src/mindroom/tools/giphy.py	docs/duplication-audit/reports-src/0337-src__mindroom__tools__giphy.py-7cd8f3d9.md	60	1
0338	src/mindroom/tools/github.py	docs/duplication-audit/reports-src/0338-src__mindroom__tools__github.py-cd626bd5.md	90	1
0339	src/mindroom/tools/gmail.py	docs/duplication-audit/reports-src/0339-src__mindroom__tools__gmail.py-ff03671e.md	143	1
0340	src/mindroom/tools/google_bigquery.py	docs/duplication-audit/reports-src/0340-src__mindroom__tools__google_bigquery.py-7ead837f.md	93	1
0341	src/mindroom/tools/google_calendar.py	docs/duplication-audit/reports-src/0341-src__mindroom__tools__google_calendar.py-c7835834.md	77	1
0342	src/mindroom/tools/google_drive.py	docs/duplication-audit/reports-src/0342-src__mindroom__tools__google_drive.py-80d0fd4b.md	86	1
0343	src/mindroom/tools/google_maps.py	docs/duplication-audit/reports-src/0343-src__mindroom__tools__google_maps.py-58bbfd84.md	104	1
0344	src/mindroom/tools/google_sheets.py	docs/duplication-audit/reports-src/0344-src__mindroom__tools__google_sheets.py-15122590.md	89	1
0345	src/mindroom/tools/googlesearch.py	docs/duplication-audit/reports-src/0345-src__mindroom__tools__googlesearch.py-088d2e95.md	125	2
0346	src/mindroom/tools/groq.py	docs/duplication-audit/reports-src/0346-src__mindroom__tools__groq.py-1e596dba.md	95	1
0347	src/mindroom/tools/hackernews.py	docs/duplication-audit/reports-src/0347-src__mindroom__tools__hackernews.py-a184a0ab.md	53	1
0348	src/mindroom/tools/jina.py	docs/duplication-audit/reports-src/0348-src__mindroom__tools__jina.py-c8132cb2.md	95	1
0349	src/mindroom/tools/jira.py	docs/duplication-audit/reports-src/0349-src__mindroom__tools__jira.py-cc565ed5.md	102	1
0350	src/mindroom/tools/linear.py	docs/duplication-audit/reports-src/0350-src__mindroom__tools__linear.py-e3903b62.md	48	1
0351	src/mindroom/tools/linkup.py	docs/duplication-audit/reports-src/0351-src__mindroom__tools__linkup.py-6eb49ae6.md	67	1
0352	src/mindroom/tools/lumalabs.py	docs/duplication-audit/reports-src/0352-src__mindroom__tools__lumalabs.py-1cd82a1b.md	81	1
0353	src/mindroom/tools/matrix_api.py	docs/duplication-audit/reports-src/0353-src__mindroom__tools__matrix_api.py-6166fa07.md	45	1
0354	src/mindroom/tools/matrix_message.py	docs/duplication-audit/reports-src/0354-src__mindroom__tools__matrix_message.py-aff44b53.md	32	1
0355	src/mindroom/tools/matrix_room.py	docs/duplication-audit/reports-src/0355-src__mindroom__tools__matrix_room.py-8c2bdf85.md	30	1
0356	src/mindroom/tools/mem0.py	docs/duplication-audit/reports-src/0356-src__mindroom__tools__mem0.py-424dac46.md	109	1
0357	src/mindroom/tools/memory.py	docs/duplication-audit/reports-src/0357-src__mindroom__tools__memory.py-3a26b7b1.md	30	0
0358	src/mindroom/tools/modelslabs.py	docs/duplication-audit/reports-src/0358-src__mindroom__tools__modelslabs.py-91d74d60.md	107	1
0359	src/mindroom/tools/moviepy_video_tools.py	docs/duplication-audit/reports-src/0359-src__mindroom__tools__moviepy_video_tools.py-1625ad49.md	67	1
0360	src/mindroom/tools/neo4j.py	docs/duplication-audit/reports-src/0360-src__mindroom__tools__neo4j.py-abeae3f7.md	99	1
0361	src/mindroom/tools/newspaper4k.py	docs/duplication-audit/reports-src/0361-src__mindroom__tools__newspaper4k.py-365f17e4.md	60	1
0362	src/mindroom/tools/notion.py	docs/duplication-audit/reports-src/0362-src__mindroom__tools__notion.py-10ea3375.md	77	1
0363	src/mindroom/tools/openai.py	docs/duplication-audit/reports-src/0363-src__mindroom__tools__openai.py-e26b0da2.md	123	1
0364	src/mindroom/tools/openbb.py	docs/duplication-audit/reports-src/0364-src__mindroom__tools__openbb.py-e5848bef.md	118	2
0365	src/mindroom/tools/openweather.py	docs/duplication-audit/reports-src/0365-src__mindroom__tools__openweather.py-6f9fadbb.md	81	1
0366	src/mindroom/tools/oxylabs.py	docs/duplication-audit/reports-src/0366-src__mindroom__tools__oxylabs.py-ab1a382e.md	49	1
0367	src/mindroom/tools/pandas.py	docs/duplication-audit/reports-src/0367-src__mindroom__tools__pandas.py-a2b0631c.md	53	1
0368	src/mindroom/tools/postgres.py	docs/duplication-audit/reports-src/0368-src__mindroom__tools__postgres.py-4966cfec.md	89	1
0369	src/mindroom/tools/pubmed.py	docs/duplication-audit/reports-src/0369-src__mindroom__tools__pubmed.py-3439eed7.md	67	1
0370	src/mindroom/tools/python.py	docs/duplication-audit/reports-src/0370-src__mindroom__tools__python.py-ccbe20c3.md	140	6
0371	src/mindroom/tools/reasoning.py	docs/duplication-audit/reports-src/0371-src__mindroom__tools__reasoning.py-a8a0515b.md	83	1
0372	src/mindroom/tools/reddit.py	docs/duplication-audit/reports-src/0372-src__mindroom__tools__reddit.py-b405e2f2.md	83	1
0373	src/mindroom/tools/redshift.py	docs/duplication-audit/reports-src/0373-src__mindroom__tools__redshift.py-5f06a0cc.md	149	1
0374	src/mindroom/tools/replicate.py	docs/duplication-audit/reports-src/0374-src__mindroom__tools__replicate.py-63f9b380.md	60	1
0375	src/mindroom/tools/resend.py	docs/duplication-audit/reports-src/0375-src__mindroom__tools__resend.py-a59eda99.md	60	1
0376	src/mindroom/tools/scheduler.py	docs/duplication-audit/reports-src/0376-src__mindroom__tools__scheduler.py-e309b055.md	30	1
0377	src/mindroom/tools/scrapegraph.py	docs/duplication-audit/reports-src/0377-src__mindroom__tools__scrapegraph.py-980dcb5f.md	95	1
0378	src/mindroom/tools/searxng.py	docs/duplication-audit/reports-src/0378-src__mindroom__tools__searxng.py-ec601357.md	60	1
0379	src/mindroom/tools/self_config.py	docs/duplication-audit/reports-src/0379-src__mindroom__tools__self_config.py-8029c6c4.md	30	0
0380	src/mindroom/tools/serpapi.py	docs/duplication-audit/reports-src/0380-src__mindroom__tools__serpapi.py-6d7b7a3b.md	60	1
0381	src/mindroom/tools/serper.py	docs/duplication-audit/reports-src/0381-src__mindroom__tools__serper.py-76b48db9.md	102	1
0382	src/mindroom/tools/shell.py	docs/duplication-audit/reports-src/0382-src__mindroom__tools__shell.py-ccd4fa8e.md	688	22
0383	src/mindroom/tools/shopify.py	docs/duplication-audit/reports-src/0383-src__mindroom__tools__shopify.py-fc2d45cb.md	77	1
0384	src/mindroom/tools/slack.py	docs/duplication-audit/reports-src/0384-src__mindroom__tools__slack.py-eb8cea87.md	164	1
0385	src/mindroom/tools/sleep.py	docs/duplication-audit/reports-src/0385-src__mindroom__tools__sleep.py-d95b69a8.md	46	1
0386	src/mindroom/tools/spider.py	docs/duplication-audit/reports-src/0386-src__mindroom__tools__spider.py-6dca005a.md	82	1
0387	src/mindroom/tools/spotify.py	docs/duplication-audit/reports-src/0387-src__mindroom__tools__spotify.py-e8f7374b.md	75	1
0388	src/mindroom/tools/sql.py	docs/duplication-audit/reports-src/0388-src__mindroom__tools__sql.py-ab60de90.md	123	1
0389	src/mindroom/tools/subagents.py	docs/duplication-audit/reports-src/0389-src__mindroom__tools__subagents.py-7264bc8b.md	30	1
0390	src/mindroom/tools/tavily.py	docs/duplication-audit/reports-src/0390-src__mindroom__tools__tavily.py-0d78efa7.md	137	1
0391	src/mindroom/tools/telegram.py	docs/duplication-audit/reports-src/0391-src__mindroom__tools__telegram.py-79e01051.md	59	1
0392	src/mindroom/tools/thread_summary.py	docs/duplication-audit/reports-src/0392-src__mindroom__tools__thread_summary.py-9df79459.md	30	1
0393	src/mindroom/tools/thread_tags.py	docs/duplication-audit/reports-src/0393-src__mindroom__tools__thread_tags.py-7a9a3639.md	30	1
0394	src/mindroom/tools/todoist.py	docs/duplication-audit/reports-src/0394-src__mindroom__tools__todoist.py-f62a3556.md	47	1
0395	src/mindroom/tools/trafilatura.py	docs/duplication-audit/reports-src/0395-src__mindroom__tools__trafilatura.py-1b656e79.md	174	1
0396	src/mindroom/tools/trello.py	docs/duplication-audit/reports-src/0396-src__mindroom__tools__trello.py-88af4845.md	61	1
0397	src/mindroom/tools/twilio.py	docs/duplication-audit/reports-src/0397-src__mindroom__tools__twilio.py-3cd785e6.md	109	1
0398	src/mindroom/tools/unsplash.py	docs/duplication-audit/reports-src/0398-src__mindroom__tools__unsplash.py-e296919f.md	76	1
0399	src/mindroom/tools/visualization.py	docs/duplication-audit/reports-src/0399-src__mindroom__tools__visualization.py-f0089d9c.md	87	1
0400	src/mindroom/tools/web_browser_tools.py	docs/duplication-audit/reports-src/0400-src__mindroom__tools__web_browser_tools.py-34d40bca.md	46	1
0401	src/mindroom/tools/webex.py	docs/duplication-audit/reports-src/0401-src__mindroom__tools__webex.py-9dd09446.md	60	1
0402	src/mindroom/tools/website.py	docs/duplication-audit/reports-src/0402-src__mindroom__tools__website.py-53c3304e.md	39	1
0403	src/mindroom/tools/whatsapp.py	docs/duplication-audit/reports-src/0403-src__mindroom__tools__whatsapp.py-10539e84.md	148	1
0404	src/mindroom/tools/wikipedia.py	docs/duplication-audit/reports-src/0404-src__mindroom__tools__wikipedia.py-146b2722.md	46	1
0405	src/mindroom/tools/x.py	docs/duplication-audit/reports-src/0405-src__mindroom__tools__x.py-1a50c0f7.md	100	1
0406	src/mindroom/tools/yfinance.py	docs/duplication-audit/reports-src/0406-src__mindroom__tools__yfinance.py-f94a2080.md	112	1
0407	src/mindroom/tools/youtube.py	docs/duplication-audit/reports-src/0407-src__mindroom__tools__youtube.py-3d69ebe2.md	79	1
0408	src/mindroom/tools/zendesk.py	docs/duplication-audit/reports-src/0408-src__mindroom__tools__zendesk.py-7551be66.md	67	1
0409	src/mindroom/tools/zep.py	docs/duplication-audit/reports-src/0409-src__mindroom__tools__zep.py-6becad96.md	102	1
0410	src/mindroom/tools/zoom.py	docs/duplication-audit/reports-src/0410-src__mindroom__tools__zoom.py-2346864b.md	66	1
0411	src/mindroom/topic_generator.py	docs/duplication-audit/reports-src/0411-src__mindroom__topic_generator.py-0a64f24c.md	171	3
0412	src/mindroom/turn_controller.py	docs/duplication-audit/reports-src/0412-src__mindroom__turn_controller.py-aa088ca4.md	2024	50
0413	src/mindroom/turn_policy.py	docs/duplication-audit/reports-src/0413-src__mindroom__turn_policy.py-8298e17a.md	598	24
0414	src/mindroom/turn_store.py	docs/duplication-audit/reports-src/0414-src__mindroom__turn_store.py-0a030390.md	477	26
0415	src/mindroom/vendor_telemetry.py	docs/duplication-audit/reports-src/0415-src__mindroom__vendor_telemetry.py-d2fa9745.md	53	3
0416	src/mindroom/vertex_claude_compat.py	docs/duplication-audit/reports-src/0416-src__mindroom__vertex_claude_compat.py-823b725f.md	72	4
0417	src/mindroom/vertex_claude_prompt_cache.py	docs/duplication-audit/reports-src/0417-src__mindroom__vertex_claude_prompt_cache.py-410b0adf.md	174	8
0418	src/mindroom/voice_handler.py	docs/duplication-audit/reports-src/0418-src__mindroom__voice_handler.py-9e6fb3b5.md	543	16
0419	src/mindroom/workers/__init__.py	docs/duplication-audit/reports-src/0419-src__mindroom__workers____init__.py-787a4b8b.md	15	0
0420	src/mindroom/workers/backend.py	docs/duplication-audit/reports-src/0420-src__mindroom__workers__backend.py-cb441b3d.md	52	9
0421	src/mindroom/workers/backends/__init__.py	docs/duplication-audit/reports-src/0421-src__mindroom__workers__backends____init__.py-45d0d149.md	1	0
0422	src/mindroom/workers/backends/kubernetes.py	docs/duplication-audit/reports-src/0422-src__mindroom__workers__backends__kubernetes.py-3333566e.md	682	33
0423	src/mindroom/workers/backends/kubernetes_config.py	docs/duplication-audit/reports-src/0423-src__mindroom__workers__backends__kubernetes_config.py-07a42143.md	239	8
0424	src/mindroom/workers/backends/kubernetes_resources.py	docs/duplication-audit/reports-src/0424-src__mindroom__workers__backends__kubernetes_resources.py-e684b0d0.md	1031	73
0425	src/mindroom/workers/backends/local.py	docs/duplication-audit/reports-src/0425-src__mindroom__workers__backends__local.py-f2f8f727.md	414	32
0426	src/mindroom/workers/backends/static_runner.py	docs/duplication-audit/reports-src/0426-src__mindroom__workers__backends__static_runner.py-24e2093d.md	199	13
0427	src/mindroom/workers/manager.py	docs/duplication-audit/reports-src/0427-src__mindroom__workers__manager.py-f829a1f3.md	67	10
0428	src/mindroom/workers/models.py	docs/duplication-audit/reports-src/0428-src__mindroom__workers__models.py-18d740e7.md	68	4
0429	src/mindroom/workers/runtime.py	docs/duplication-audit/reports-src/0429-src__mindroom__workers__runtime.py-d91946d2.md	275	14
0430	src/mindroom/workspaces.py	docs/duplication-audit/reports-src/0430-src__mindroom__workspaces.py-3c9e0469.md	404	19
